--
-- PostgreSQL database dump
--

-- Dumped from database version 12.9 (Ubuntu 12.9-2.pgdg20.04+1)
-- Dumped by pg_dump version 12.9 (Ubuntu 12.9-2.pgdg20.04+1)

SET statement_timeout = 0;
SET lock_timeout = 0;
SET idle_in_transaction_session_timeout = 0;
SET client_encoding = 'UTF8';
SET standard_conforming_strings = on;
SELECT pg_catalog.set_config('search_path', '', false);
SET check_function_bodies = false;
SET xmloption = content;
SET client_min_messages = warning;
SET row_security = off;

DROP DATABASE universe;
--
-- Name: universe; Type: DATABASE; Schema: -; Owner: freecodecamp
--

CREATE DATABASE universe WITH TEMPLATE = template0 ENCODING = 'UTF8' LC_COLLATE = 'C.UTF-8' LC_CTYPE = 'C.UTF-8';


ALTER DATABASE universe OWNER TO freecodecamp;

\connect universe

SET statement_timeout = 0;
SET lock_timeout = 0;
SET idle_in_transaction_session_timeout = 0;
SET client_encoding = 'UTF8';
SET standard_conforming_strings = on;
SELECT pg_catalog.set_config('search_path', '', false);
SET check_function_bodies = false;
SET xmloption = content;
SET client_min_messages = warning;
SET row_security = off;

SET default_tablespace = '';

SET default_table_access_method = heap;

--
-- Name: galaxy; Type: TABLE; Schema: public; Owner: freecodecamp
--

CREATE TABLE public.galaxy (
    galaxy_id integer NOT NULL,
    name character varying(10) NOT NULL,
    has_life boolean,
    galaxy_types character varying(20),
    galaxy_shape character varying(20)
);


ALTER TABLE public.galaxy OWNER TO freecodecamp;

--
-- Name: galaxy_id_seq; Type: SEQUENCE; Schema: public; Owner: freecodecamp
--

CREATE SEQUENCE public.galaxy_id_seq
    AS integer
    START WITH 1
    INCREMENT BY 1
    NO MINVALUE
    NO MAXVALUE
    CACHE 1;


ALTER TABLE public.galaxy_id_seq OWNER TO freecodecamp;

--
-- Name: galaxy_id_seq; Type: SEQUENCE OWNED BY; Schema: public; Owner: freecodecamp
--

ALTER SEQUENCE public.galaxy_id_seq OWNED BY public.galaxy.galaxy_id;


--
-- Name: moon; Type: TABLE; Schema: public; Owner: freecodecamp
--

CREATE TABLE public.moon (
    moon_id integer NOT NULL,
    name character varying(20) NOT NULL,
    planet_id integer,
    description text,
    has_water boolean
);


ALTER TABLE public.moon OWNER TO freecodecamp;

--
-- Name: moon_moon_id_seq; Type: SEQUENCE; Schema: public; Owner: freecodecamp
--

CREATE SEQUENCE public.moon_moon_id_seq
    AS integer
    START WITH 1
    INCREMENT BY 1
    NO MINVALUE
    NO MAXVALUE
    CACHE 1;


ALTER TABLE public.moon_moon_id_seq OWNER TO freecodecamp;

--
-- Name: moon_moon_id_seq; Type: SEQUENCE OWNED BY; Schema: public; Owner: freecodecamp
--

ALTER SEQUENCE public.moon_moon_id_seq OWNED BY public.moon.moon_id;


--
-- Name: planet; Type: TABLE; Schema: public; Owner: freecodecamp
--

CREATE TABLE public.planet (
    planet_id integer NOT NULL,
    has_life boolean,
    distance_from_earth numeric(4,1),
    name character varying(20) NOT NULL,
    number_of_moons integer,
    star_id integer
);


ALTER TABLE public.planet OWNER TO freecodecamp;

--
-- Name: planet_planet_id_seq; Type: SEQUENCE; Schema: public; Owner: freecodecamp
--

CREATE SEQUENCE public.planet_planet_id_seq
    AS integer
    START WITH 1
    INCREMENT BY 1
    NO MINVALUE
    NO MAXVALUE
    CACHE 1;


ALTER TABLE public.planet_planet_id_seq OWNER TO freecodecamp;

--
-- Name: planet_planet_id_seq; Type: SEQUENCE OWNED BY; Schema: public; Owner: freecodecamp
--

ALTER SEQUENCE public.planet_planet_id_seq OWNED BY public.planet.planet_id;


--
-- Name: species; Type: TABLE; Schema: public; Owner: freecodecamp
--

CREATE TABLE public.species (
    species_id integer NOT NULL,
    name character varying(20) NOT NULL,
    average_height numeric(4,1),
    planet_id integer NOT NULL,
    description text
);


ALTER TABLE public.species OWNER TO freecodecamp;

--
-- Name: species_species_id_seq; Type: SEQUENCE; Schema: public; Owner: freecodecamp
--

CREATE SEQUENCE public.species_species_id_seq
    AS integer
    START WITH 1
    INCREMENT BY 1
    NO MINVALUE
    NO MAXVALUE
    CACHE 1;


ALTER TABLE public.species_species_id_seq OWNER TO freecodecamp;

--
-- Name: species_species_id_seq; Type: SEQUENCE OWNED BY; Schema: public; Owner: freecodecamp
--

ALTER SEQUENCE public.species_species_id_seq OWNED BY public.species.species_id;


--
-- Name: star; Type: TABLE; Schema: public; Owner: freecodecamp
--

CREATE TABLE public.star (
    star_id integer NOT NULL,
    hex_color character varying(6),
    galaxy_id integer,
    distance_from_earth numeric(4,1),
    name character varying(20) NOT NULL
);


ALTER TABLE public.star OWNER TO freecodecamp;

--
-- Name: star_star_id_seq; Type: SEQUENCE; Schema: public; Owner: freecodecamp
--

CREATE SEQUENCE public.star_star_id_seq
    AS integer
    START WITH 1
    INCREMENT BY 1
    NO MINVALUE
    NO MAXVALUE
    CACHE 1;


ALTER TABLE public.star_star_id_seq OWNER TO freecodecamp;

--
-- Name: star_star_id_seq; Type: SEQUENCE OWNED BY; Schema: public; Owner: freecodecamp
--

ALTER SEQUENCE public.star_star_id_seq OWNED BY public.star.star_id;


--
-- Name: galaxy galaxy_id; Type: DEFAULT; Schema: public; Owner: freecodecamp
--

ALTER TABLE ONLY public.galaxy ALTER COLUMN galaxy_id SET DEFAULT nextval('public.galaxy_id_seq'::regclass);


--
-- Name: moon moon_id; Type: DEFAULT; Schema: public; Owner: freecodecamp
--

ALTER TABLE ONLY public.moon ALTER COLUMN moon_id SET DEFAULT nextval('public.moon_moon_id_seq'::regclass);


--
-- Name: planet planet_id; Type: DEFAULT; Schema: public; Owner: freecodecamp
--

ALTER TABLE ONLY public.planet ALTER COLUMN planet_id SET DEFAULT nextval('public.planet_planet_id_seq'::regclass);


--
-- Name: species species_id; Type: DEFAULT; Schema: public; Owner: freecodecamp
--

ALTER TABLE ONLY public.species ALTER COLUMN species_id SET DEFAULT nextval('public.species_species_id_seq'::regclass);


--
-- Name: star star_id; Type: DEFAULT; Schema: public; Owner: freecodecamp
--

ALTER TABLE ONLY public.star ALTER COLUMN star_id SET DEFAULT nextval('public.star_star_id_seq'::regclass);


--
-- Data for Name: galaxy; Type: TABLE DATA; Schema: public; Owner: freecodecamp
--

INSERT INTO public.galaxy VALUES (1, 'Andromeda', false, 'SA(s)b', 'Barred spiral');
INSERT INTO public.galaxy VALUES (2, 'Cigar', false, 'I0', 'Starburst');
INSERT INTO public.galaxy VALUES (3, 'Condor', false, 'SB(s)b pec', 'Barred Spiral');
INSERT INTO public.galaxy VALUES (4, 'Milky Way', true, 'SB(rs)bc', 'Barred Spiral');
INSERT INTO public.galaxy VALUES (5, 'Sunflower', false, 'SAbc', 'Spiral');
INSERT INTO public.galaxy VALUES (6, 'Tadpole', false, 'SB(s)c', 'Barred Spiral');


--
-- Data for Name: moon; Type: TABLE DATA; Schema: public; Owner: freecodecamp
--

INSERT INTO public.moon VALUES (1, 'Moon', 1, NULL, NULL);
INSERT INTO public.moon VALUES (2, 'Phobos', 4, NULL, NULL);
INSERT INTO public.moon VALUES (3, 'Deimos', 4, NULL, NULL);
INSERT INTO public.moon VALUES (4, 'Io', 5, NULL, NULL);
INSERT INTO public.moon VALUES (5, 'Europa', 5, NULL, NULL);
INSERT INTO public.moon VALUES (6, 'Ganymede', 5, NULL, NULL);
INSERT INTO public.moon VALUES (7, 'Callisto', 5, NULL, NULL);
INSERT INTO public.moon VALUES (8, 'Thebe', 5, NULL, NULL);
INSERT INTO public.moon VALUES (9, 'Metis', 5, NULL, NULL);
INSERT INTO public.moon VALUES (10, 'Themisto', 5, NULL, NULL);
INSERT INTO public.moon VALUES (11, 'Ariel', 7, NULL, NULL);
INSERT INTO public.moon VALUES (12, 'Titania', 7, NULL, NULL);
INSERT INTO public.moon VALUES (13, 'Cordelia', 7, NULL, NULL);
INSERT INTO public.moon VALUES (14, 'Cupid', 7, NULL, NULL);
INSERT INTO public.moon VALUES (15, 'Charon', 9, NULL, NULL);
INSERT INTO public.moon VALUES (16, 'Styx', 9, NULL, NULL);
INSERT INTO public.moon VALUES (17, 'Nyx', 9, NULL, NULL);
INSERT INTO public.moon VALUES (18, 'Kerberos', 9, NULL, NULL);
INSERT INTO public.moon VALUES (19, 'Hydra', 9, NULL, NULL);
INSERT INTO public.moon VALUES (20, 'Triton', 8, NULL, NULL);


--
-- Data for Name: planet; Type: TABLE DATA; Schema: public; Owner: freecodecamp
--

INSERT INTO public.planet VALUES (1, true, 1.0, 'Earth', 1, 2);
INSERT INTO public.planet VALUES (2, false, 0.4, 'Mercury', 0, 2);
INSERT INTO public.planet VALUES (3, false, 0.7, 'Venus', 0, 2);
INSERT INTO public.planet VALUES (4, false, 1.5, 'Mars', 2, 2);
INSERT INTO public.planet VALUES (5, false, 5.3, 'Jupiter', 82, 2);
INSERT INTO public.planet VALUES (6, false, 9.6, 'Saturn', 83, 2);
INSERT INTO public.planet VALUES (7, false, 19.1, 'Uranus', 27, 2);
INSERT INTO public.planet VALUES (8, false, 30.0, 'Neptune', 14, 2);
INSERT INTO public.planet VALUES (9, false, 39.5, 'Pluto', 5, 2);
INSERT INTO public.planet VALUES (10, false, NULL, 'PC d', NULL, 4);
INSERT INTO public.planet VALUES (11, false, NULL, 'PC c', NULL, 4);
INSERT INTO public.planet VALUES (12, false, NULL, 'PC b', NULL, 4);


--
-- Data for Name: species; Type: TABLE DATA; Schema: public; Owner: freecodecamp
--

INSERT INTO public.species VALUES (1, 'Humans', NULL, 1, NULL);
INSERT INTO public.species VALUES (2, 'Dogs', NULL, 1, NULL);
INSERT INTO public.species VALUES (3, 'Marcians', NULL, 4, NULL);


--
-- Data for Name: star; Type: TABLE DATA; Schema: public; Owner: freecodecamp
--

INSERT INTO public.star VALUES (2, 'FFFFFF', 4, 8.3, 'Sun');
INSERT INTO public.star VALUES (3, 'FFEEEE', 1, 97.0, 'Alpha Andromedae');
INSERT INTO public.star VALUES (4, 'FFFFDD', 4, 4.2, 'Proxima Centauri');
INSERT INTO public.star VALUES (5, 'FF0000', 4, 6.0, 'Barnards Star');
INSERT INTO public.star VALUES (6, 'FF0000', 4, 7.9, 'Wolf 359');
INSERT INTO public.star VALUES (7, 'EEEEFF', 4, 2.6, 'Sirius');


--
-- Name: galaxy_id_seq; Type: SEQUENCE SET; Schema: public; Owner: freecodecamp
--

SELECT pg_catalog.setval('public.galaxy_id_seq', 6, true);


--
-- Name: moon_moon_id_seq; Type: SEQUENCE SET; Schema: public; Owner: freecodecamp
--

SELECT pg_catalog.setval('public.moon_moon_id_seq', 20, true);


--
-- Name: planet_planet_id_seq; Type: SEQUENCE SET; Schema: public; Owner: freecodecamp
--

SELECT pg_catalog.setval('public.planet_planet_id_seq', 12, true);


--
-- Name: species_species_id_seq; Type: SEQUENCE SET; Schema: public; Owner: freecodecamp
--

SELECT pg_catalog.setval('public.species_species_id_seq', 3, true);


--
-- Name: star_star_id_seq; Type: SEQUENCE SET; Schema: public; Owner: freecodecamp
--

SELECT pg_catalog.setval('public.star_star_id_seq', 7, true);


--
-- Name: galaxy galaxy_name_key; Type: CONSTRAINT; Schema: public; Owner: freecodecamp
--

ALTER TABLE ONLY public.galaxy
    ADD CONSTRAINT galaxy_name_key UNIQUE (name);


--
-- Name: galaxy galaxy_pkey; Type: CONSTRAINT; Schema: public; Owner: freecodecamp
--

ALTER TABLE ONLY public.galaxy
    ADD CONSTRAINT galaxy_pkey PRIMARY KEY (galaxy_id);


--
-- Name: moon moon_name_key; Type: CONSTRAINT; Schema: public; Owner: freecodecamp
--

ALTER TABLE ONLY public.moon
    ADD CONSTRAINT moon_name_key UNIQUE (name);


--
-- Name: moon moon_pkey; Type: CONSTRAINT; Schema: public; Owner: freecodecamp
--

ALTER TABLE ONLY public.moon
    ADD CONSTRAINT moon_pkey PRIMARY KEY (moon_id);


--
-- Name: planet planet_name_key; Type: CONSTRAINT; Schema: public; Owner: freecodecamp
--

ALTER TABLE ONLY public.planet
    ADD CONSTRAINT planet_name_key UNIQUE (name);


--
-- Name: planet planet_pkey; Type: CONSTRAINT; Schema: public; Owner: freecodecamp
--

ALTER TABLE ONLY public.planet
    ADD CONSTRAINT planet_pkey PRIMARY KEY (planet_id);


--
-- Name: species species_name_key; Type: CONSTRAINT; Schema: public; Owner: freecodecamp
--

ALTER TABLE ONLY public.species
    ADD CONSTRAINT species_name_key UNIQUE (name);


--
-- Name: species species_pkey; Type: CONSTRAINT; Schema: public; Owner: freecodecamp
--

ALTER TABLE ONLY public.species
    ADD CONSTRAINT species_pkey PRIMARY KEY (species_id);


--
-- Name: star star_name_key; Type: CONSTRAINT; Schema: public; Owner: freecodecamp
--

ALTER TABLE ONLY public.star
    ADD CONSTRAINT star_name_key UNIQUE (name);


--
-- Name: star star_name_key1; Type: CONSTRAINT; Schema: public; Owner: freecodecamp
--

ALTER TABLE ONLY public.star
    ADD CONSTRAINT star_name_key1 UNIQUE (name);


--
-- Name: star star_pkey; Type: CONSTRAINT; Schema: public; Owner: freecodecamp
--

ALTER TABLE ONLY public.star
    ADD CONSTRAINT star_pkey PRIMARY KEY (star_id);


--
-- Name: moon moon_planet_id_fkey; Type: FK CONSTRAINT; Schema: public; Owner: freecodecamp
--

ALTER TABLE ONLY public.moon
    ADD CONSTRAINT moon_planet_id_fkey FOREIGN KEY (planet_id) REFERENCES public.planet(planet_id);


--
-- Name: planet planet_star_id_fkey; Type: FK CONSTRAINT; Schema: public; Owner: freecodecamp
--

ALTER TABLE ONLY public.planet
    ADD CONSTRAINT planet_star_id_fkey FOREIGN KEY (star_id) REFERENCES public.star(star_id);


--
-- Name: star star_galaxy_id_fkey; Type: FK CONSTRAINT; Schema: public; Owner: freecodecamp
--

ALTER TABLE ONLY public.star
    ADD CONSTRAINT star_galaxy_id_fkey FOREIGN KEY (galaxy_id) REFERENCES public.galaxy(galaxy_id);


--
-- PostgreSQL database dump complete
--

